Catalyst_Composition,Element_List,Number_of_Elements,Atomic_Ratio,Support,Particle_Size_nm,Crystal_Structure,Synthesis_Method,Reaction_Type,Test_Mode,Electrolyte,ECSA_m2_g,Half_Wave_Potential_V,Mass_Activity,Specific_Activity,Power_Density,Activity_Retention,Benchmark_Catalyst,Key_Finding,Paper_Title,DOI,Publication_Year,Journal
PtPdFeCoNiSnMn/C,"Pt, Pd, Fe, Co, Ni, Sn, Mn",7,7~25 at% each,Vulcan XC-72,,single-phase fcc,solvothermal followed by thermal annealing,EOR,"RDE half-cell, MEA single cell",1.0 M KOH + 1.0 M ethanol (EOR); 0.1 M KOH (ORR),114.6 m2 g-1,0.95 vs RHE (ORR),24.3 A mg-1PGMs at 0.81 VRHE (EOR),21.2 mA cm-2 at 0.81 VRHE (EOR),720 mW cm-2,99.7% after 50k cycles (EOR); 5 mV negative shift after 100k cycles (ORR),"commercial Pt/C, Pd/C","Rational design of a septenary PtPd HEA with identified elemental roles promotes complete 12-electron EOR, achieving record-breaking DEFC power density and durability.",Rational design of septenary high-entropy alloy for direct ethanol fuel cells,https://doi.org/10.1016/j.joule.2023.02.011,2023,Joule
Pt/Cr-Mn-Fe-Co-Ni/Pt(hkl),"Pt, Cr, Mn, Fe, Co, Ni",6,1:1:1:1:1 (Cr-Mn-Fe-Co-Ni),Pt single-crystal substrate,,fcc,arc-plasma deposition,ORR,RDE half-cell,0.1 M HClO4,,,,12 times higher than clean Pt(111) at 0.9 V vs RHE,,~54% after 5000 cycles for Pt(111),Pt/Co/Pt(hkl),Pt/Cr-Mn-Fe-Co-Ni/Pt(hkl) surfaces exhibit superior ORR activity and stability compared to Pt-Co binary surfaces due to the formation of a stable pseudo-core-shell-like structure.,Experimental study platform for electrocatalysis of atomic-level controlled high-entropy alloy surfaces,https://doi.org/10.1038/s41467-023-40246-5,2023,Nature Communications
PtNiFeCoCu/C,"Pt, Ni, Fe, Co, Cu",5,Pt18Ni26Fe15Co14Cu27,Ketjen Black-300,3.4,fcc,Oil phase synthesis,MOR,Three-electrode,1 M KOH + 1 M CH3OH,,,15.04 A mgPt-1,114.93 mA cm?2 (geometric area),,93.6% mass activity retention after 1000 CV cycles,commercial Pt/C,"Multi-active sites on the HEA surface promote fast site-to-site electron transfer, stabilizing intermediates and significantly enhancing activity and stability for both HER and MOR.",Fast site-to-site electron transfer of high-entropy alloy nanocatalyst driving redox electrocatalysis,https://doi.org/10.1038/s41467-020-19277-9,2020,Nature Communications
Mo1-PdPtNiCuZn SAHEA NSs,"Pd, Pt, Ni, Cu, Zn, Mo",6,24.1:14.6:26.3:22.1:11.1:1.8,Ketjen Black-300,1.69 (thickness),fcc,one-pot liquid-phase synthesis,MOR,three-electrode,1.0 M KOH + 1.0 M methanol,70.21 m2 g-1,,24.55 A mgPt-1,16.55 mA cm-2,,1.15 A mgPt-1 after 10 h,commercial Pt/C,"Oxophilic Mo single atoms and intrinsic tensile strain in PdPtNiCuZn HEA nanosheets steer MOR to a CO-free formate pathway, achieving ultrahigh mass activity and CO tolerance.",Single-atom Mo-tailored high-entropy-alloy ultrathin nanosheets with intrinsic tensile strain enhance electrocatalysis,https://doi.org/10.1038/s41467-024-45874-z,2024,Nature Communications
np-AlCuNiPtMn,"Al, Cu, Ni, Pt, Mn",5,Al96Cu1Ni1Pt1Mn1 (precursor); Product Pt content ~20-30 at.%,carbon black,2-3 nm (ligament size),fcc,Melt-spinning and chemical dealloying,ORR,RDE half-cell,0.1 M HClO4,~108.5 m2/g,~0.945 V vs RHE,~3.5 A mg-1 at 0.9 V vs RHE,~5.5 mA cm-2 at 0.9 V vs RHE,,"Unchanged half-wave potential after 30,000 cycles",commercial Pt/C (20 wt%),"Incorporating Mn as a fifth element into the AlCuNiPt HEA system provides optimal electronic modulation for the Pt surface, yielding superior ORR activity and stability with low Pt content.",Nanoporous high-entropy alloys with low Pt loadings for high-performance electrochemical oxygen reduction,https://doi.org/10.1016/j.jcat.2020.01.024,2020,Journal of Catalysis
PdCuMoNiCo NHSs/RGO3-CNT,"Pd, Cu, Mo, Ni, Co",5,34:16:5:28:17,RGO3-CNT,18.5,single-phase fcc,solvothermal,"ORR, FAO",RDE half-cell,0.1 M HClO4,142,0.86 V vs. RHE,0.882 A mg_Pd-1 at 0.8 V vs. RHE (ORR),,,84.7% after 20 h (ORR),commercial 20% Pt/C,"The hollow structure alleviates strain induced by alloying heteroatoms, while the HEA effect tunes the electronic structure via synergistic interactions, enhancing bi-functional activity and stability for ORR and FAO.",A hollow PdCuMoNiCo high-entropy alloy as an efficient bi-functional electrocatalyst for oxygen reduction and formic acid oxidation,https://doi.org/10.1039/d2ta02597c,2022,Journal of Materials Chemistry A
PtPdFeCoNi high-entropy alloy (HEA) nanoparticles,"Pt, Pd, Fe, Co, Ni",5,1:1:1:1:1,Vulcan XC-72 carbon black,12 +/- 4 nm,single-phase fcc,high-temperature injection method,ORR,RDE half-cell,0.1 M HClO4,68.6 m^2/g_Pt,0.920 V vs RHE,1.23 A/mg_Pt at 0.9 V vs RHE,1.80 mA/cm^2_Pt at 0.9 V vs RHE,740 mW/cm^2,"6 mV negative shift in half-wave potential after 50,000 cycles",commercial Pt/C,"The high entropy, lattice distortion, and sluggish diffusion effects of the PtPdFeCoNi HEA catalyst significantly enhance both ORR activity and durability compared to commercial Pt/C.",High-entropy alloy nanoparticles as a promising electrocatalyst to enhance activity and durability for oxygen reduction,https://doi.org/10.1007/s12274-022-4432-1,2022,Nano Research
PtRuNiCoFeMo/C,"Pt, Ru, Ni, Co, Fe, Mo",6,Pt28.5:Ru6.8:Ni18.6:Co15.2:Fe10.7:Mo20.2,Vulcan XC-72R,1.8 +/- 0.3,fcc,wet-chemical reduction,HOR,RDE half-cell,0.1 M KOH,,,6.75 A mg_Pt+Ru-1 at 50 mV vs. RHE,8.96 mA cm-2 at 50 mV vs. RHE,,93.8% mass activity retention after 2000 cycles,"commercial PtRu/C, Pt/C","Strong interactions between different metal sites in PtRuNiCoFeMo HEA subnanometer nanowires regulate proton and hydroxyl binding strengths, enhancing alkaline HOR activity and CO tolerance.",Subnanometer high-entropy alloy nanowires enable remarkable hydrogen oxidation catalysis,https://doi.org/10.1038/s41467-021-26425-2,2021,Nature Communications
PtFeCoNiCu/C,"Pt, Fe, Co, Ni, Cu",5,1:1:1:1:1,Vulcan XC-72,"1.41 (HEA-400), 2.37 (HEA-700)",fcc,impregnation-reduction,MOR,three-electrode,0.1 M HClO4,,,1.40 A mgPt-1 (HEA-700),3.29 mA cm?2 (HEA-700),,72.5% peak current retention after 1000 cycles (HEA-700),commercial Pt/C,"Compressive strain in HEA-700 shortens the Pt-Pt bond distance and downshifts the d-band center, weakening CO adsorption and thereby enhancing MOR performance.",Tailoring lattice strain in ultra-fine high-entropy alloys for active and stable methanol oxidation,https://doi.org/10.1007/s40843-020-1635-9,2021,Science China Materials
PtFeCoNiIr/C,"Pt, Fe, Co, Ni, Ir",5,34:31.5:16:9.8:8.7 (Pt:Fe:Co:Ni:Ir),carbon black,2 +/- 0.5,fcc,Joule heating,"AOR, ORR, HER",RDE half-cell,"0.1 M HClO4, 0.1 M KOH, 0.5 M H2SO4, 1.0 M KOH",58.5 m2/g,0.87 V vs RHE,139.8 A g-1_PGM,,,E1/2 hardly decays after 5000 cycles (ORR); no loss at 100 mA cm-2 for 200 h (HER),benchmark Pt/C,"Ultra-small PtFeCoNiIr/C HEA synthesized via Joule heating exhibits high activity and stability for AOR, ORR, and HER due to entropy stabilization and strong metal-support interaction.",Ultra�\Small High�\Entropy Alloy as Multi�\Functional Catalyst for Ammonia Based Fuel Cells,https://doi.org/10.1002/smll.202400892,2024,Small
PtPdRuIrRh,"Pt, Pd, Ru, Ir, Rh",5,63:23:9.8:1.8:2.4 (Pt:Pd:Rh:Ru:Ir),unsupported,90 +/- 5,fcc,block copolymer micelle-assisted wet-chemical reduction,MOR,three-electrode,0.1 M KOH + 0.5 M methanol,37.68,,2.7 A mg_Pt^{-1},0.61 mA cm^{-2},,93% after 2500 cycles,commercial Pt/C,Single-crystalline mesoporous HEA enhances MOR activity and stability via surface charge redistribution that facilitates water dissociation and mitigates CO poisoning.,Mesoporous Single-Crystal High-Entropy Alloy,https://doi.org/10.1021/jacs.5c01260,2025,Journal of the American Chemical Society
PtCuGaFeCo/C,"Pt, Cu, Ga, Fe, Co",5,1:1:1:1:1,Vulcan XC-72,2,fcc,one-pot solution-based method,ORR,RDE half-cell,0.1 M HClO4,143 m^2/g_Pt,0.88 V vs RHE,3.11 A mg?1 Pt at 0.90 V,2.18 mA cm?2 Pt at 0.90 V,,13 mV decrease in E1/2 after 1000 cycles,commercial Pt/C,Surface strain and optimized coordination environments in ultrasmall PtCuGaFeCo NPs lead to significantly enhanced ORR activity in acidic media.,Highly Dispersed Ultrasmall High�\Entropy Alloys Nanoparticles as Efficient Electrocatalysts for Oxygen Reduction in Acidic Media,https://doi.org/10.1002/smll.202308421,2024,Small
Pt1-NiCoMgBiSn,"Pt, Ni, Co, Mg, Bi, Sn",6,"Pt 2.3 at%, Ni/Co/Mg/Bi/Sn 1:1:1:1:1",Carbon nanotube films,3,Single-phase fcc,In-situ Joule-heating,MOR,"Three-electrode, MEA single cell",1 M KOH + 1 M methanol,,,35.3 A mg-1,,22.8 mW cm-2,"94.7% current retention after 180,000 s",Commercial Pt/C,Isolating Pt atoms in a high-entropy alloy structure avoids CO poisoning while enabling high methanol oxidation activity via synergistic multi-element coordination.,High-entropy alloyed single-atom Pt for methanol oxidation electrocatalysis,https://doi.org/10.1038/s41467-025-61376-y,2025,Nature Communications
HEA-PdNiRuIrRh,"Pd, Ni, Ru, Ir, Rh",5,26.5:26.2:14.8:16.8:15.7,,4.8,single-phase fcc,wet-chemical reduction,HOR,RDE half-cell,0.1 M KOH,,,3.25 mA g_Pt^-1,1.19 mA cm?2,,95.2% retention of j0 after 1000 cycles,commercial Pt/C,"Dominant Pd�CPd�CNi/Pd�CPd�CPd bonding environments and Ni/Ru oxophilic sites optimize *H and *OH adsorption, contributing to excellent alkaline HOR activity and stability.",Understanding Alkaline Hydrogen Oxidation Reaction on PdNiRuIrRh High�\Entropy�\Alloy by Machine Learning Potential,https://doi.org/10.1002/anie.202217976,2023,Angewandte Chemie International Edition
FeCoNiCuAuPtPd/C,"Fe, Co, Ni, Cu, Au, Pt, Pd",7,1:1:1:1:1:1:1,BP2000 carbon black,1.61,fcc,carbothermal shock,ORR,RDE half-cell,0.1 M KOH,17.9 cm2,0.772 V vs RHE,,,270 mW cm?2,7 mV positive shift after 10000 cycles,commercial Pt/C,"Optimizing precursor concentration enables carbothermal shock synthesis of ultrasmall (1.61 nm) FeCoNiCuAuPtPd nanoclusters with high ECSA, exceptional ORR stability (positive shift in E1/2 after ADT), and superior direct borohydride fuel cell performance compared to Pt/C.",FeCoNiCuAuPtPd multi-principal element alloy nanoclusters for superior oxygen reduction electrocatalysis,https://doi.org/10.1016/j.mtchem.2026.103585,2026,Materials Today Chemistry
PtAgBiCo,"Pt, Ag, Bi, Co",4,58:5.7:24:12.30,carbon black,,single-phase fcc,polyol reduction,ORR,RDE half-cell,0.1 M HClO4,41 m2/gPt,more positive than Pt/C,0.81 A mgPt-1 at 0.90 V,1.95 mA cm-2 at 0.90 V,,95.8% mass activity retention after 10000 cycles,"commercial Pt/C (JM, 20 wt%)",Porous PtAgBiCo nanoplates exhibit superior ORR activity and excellent methanol tolerance due to Co-enhanced activity and Bi-induced methanol resistance.,Shape controlled synthesis of porous tetrametallic PtAgBiCo nanoplates as highly active and methanol-tolerant electrocatalyst for oxygen reduction reaction,https://doi.org/10.1039/c7sc00318h,2017,Chemical Science
FeCoNiMnV HEA/N-CNTs,"Fe, Co, Ni, Mn, V",5,22.5:23.5:21.2:16.9:15.9,N-doped carbon nanotubes,,fcc,one-step pyrolysis,ORR,RDE half-cell,0.1 M KOH,,0.85 V,,,185.12 mW cm?2,"E1/2 unchanged after 10,000 cycles; 91.3% current retention after 10 h",commercial Pt/C,The synergistic effects between multi-metals in the HEA and N-doped CNTs enhance ORR activity and durability.,Noble metal-free FeCoNiMnV high entropy alloy anchored on N-doped carbon nanotubes with prominent activity and durability for oxygen reduction and zinc�Cair batteries,https://doi.org/10.1016/j.jcis.2024.02.044,2024,Journal of Colloid and Interface Science
PtBi1.5Ni0.2Co0.2Cu0.2,"Pt, Bi, Ni, Co, Cu",5,1:1.5:0.2:0.2:0.2,,,fcc,co-reduction and freeze-drying,MOR,three-electrode and MEA single cell,0.5 M H2SO4,,,4.19 A mg_Pt^-1,,115 mW cm^-2,42.7% current retention after 3600s at 0.66 V,commercial Pt/C,"The combination of high-entropy alloy and aerogel structure shifts the d-band center of Pt to lower binding energy, weakening CO adsorption and significantly improving MOR activity and CO tolerance.",Formicary-like PtBi1.5Ni0.2Co0.2Cu0.2 high-entropy alloy aerogels as an efficient and stable electrocatalyst for methanol oxidation reaction,https://doi.org/10.1016/j.cej.2023.145347,2023,Chemical Engineering Journal
PdSnPtAgBi,"Pd, Sn, Pt, Ag, Bi",5,Pd51.0 Sn16.1 Pt5.4 Ag22.9 Bi4.6,Vulcan XC-72 carbon black,2.63,fcc,one-pot method,EOR,three-electrode,1 M KOH + 1 M CH3CH2OH,118.05 m2/gPd+Pt,,15.02 A mgPd+Pt,12.70 mA cm-2,,"Slight current decay after 16,000 s at 0.83 V vs RHE",commercial Pd/C and commercial Pt/C,Entropy-mediated synthesis yields ultrafine PdSnPtAgBi nanoparticles with enhanced CO tolerance and alcohol oxidation activity due to synergistic alloying where Ag mitigates CO adsorption and Sn/Bi promote OH adsorption.,Entropy-mediated ultrafine PdSnPtAgBi nanoparticles as a high-performance electrocatalyst with enhanced CO tolerance for alcohol oxidation,https://doi.org/10.1016/j.jcis.2025.139515,2025,Journal of Colloid and Interface Science
PtPd_CoNiCu/C,"Pt, Pd, Co, Ni, Cu",5,Pt16Pd17Co24Ni22Cu21,Vulcan XC-72,6.3,FCC,Impregnation followed by thermal treatment,ORR,RDE half-cell,0.1 M HClO4,63 m2/g (PGM),0.90 V vs. RHE,269 A/g (PGM) at 0.9 V vs. RHE,4.3 A/m2 (PGM) at 0.9 V vs. RHE,,"88% ECSA retention after 10,000 cycles; ORR activity increased",Commercial Pt/C (Hispec 3000),"High-temperature synthesis yields PtPdCoNiCu/C HEA with high specific ORR activity and exceptional stability, where activity increases after accelerated stress testing.",High-Temperature Synthesis of High-Entropy Alloy PtPd_CoNiCu Nanoparticles as a Catalyst for the Oxygen Reduction Reaction,https://doi.org/10.3390/ijms262311504,2025,International Journal of Molecular Sciences
PD-PZFCNC-HEI (PtZnFeCoNiCr),"Pt, Zn, Fe, Co, Ni, Cr",6,Pt0.5022Zn0.2235Ni0.058Co0.0617Fe0.0857Cr0.0688,Zn-DPCN (ZIF-8 derived carbon),1.726,face-centered tetragonal (fct),pore-confined reduction and annealing,ORR,RDE half-cell,0.1 M HClO4,70.3 m2/gPt,0.948 V vs. RHE,4.12 A mgPt-1 at 0.90 V,5.6 mA cm-2,1900  mW cm-2,89.0% MA retention after 20k cycles,commercial Pt/C,"Pt antisite defects in ordered high-entropy intermetallics optimize Pt's electronic structure and activate non-noble metal active centers, leading to high ORR activity.",Antisite defect unleashes catalytic potential in high-entropy intermetallics for oxygen reduction reaction,https://doi.org/10.1038/s41467-025-58679-5,2025,Nature Communications
PtAuPdFeCoNiCu/C,"Pt, Au, Pd, Fe, Co, Ni, Cu",7,Equimolar (precursor mixing),BP2000 carbon spheres on carbon cloth,2,FCC,Carbon-thermal shock (CTS),ORR,"RDE half-cell, MEA single cell",0.1 M KOH,24.7 cm2,0.78 V vs. RHE,0.15 A mg_catalyst^-1,0.15 mA cm^-2,477 mW cm^-2,"Positive shift of 7.4 mV after 20,000 CV cycles",Commercial Pt/C (20 wt%),"Septenary HEA NPs/C exhibit superior ORR stability and high power density in direct borohydride fuel cells due to high mixing entropy, strong catalyst-substrate interaction, and graphitization of the support.",Carbon-supported high-entropy alloys as highly stable nanocatalysts for oxygen reduction reaction,https://doi.org/10.1016/j.jallcom.2024.178194,2024,Journal of Alloys and Compounds
PtPdFeCoNi HEA NRs,"Pt, Pd, Fe, Co, Ni",5,25.5:33.1:16.5:9.4:15.5,Ketjen Black-300,~2.13 nm thickness,fcc,wet-chemical reduction,ORR,RDE half-cell,0.1 M KOH,75.09 m2 g?1 PGM,0.959 V vs. RHE,0.99 A mg?1PGM at 0.95 V vs. RHE,1.32 mA cm?2PGM at 0.95 V vs. RHE,,62.5% mass activity retention after 50k cycles,commercial Pt/C,"Breaking surface atomic symmetry via terrace-type defects generates compressive strain, lowering the Pt d-band center and weakening OH adsorption to enhance ORR performance.",Breaking the symmetry of high-entropy alloy surfaces for compressively strain-tuned oxygen reduction reaction,https://doi.org/10.1038/s41467-025-65856-z,2025,Nature Communications
FeCoNiCuPt HEA-NPs/G,"Fe, Co, Ni, Cu, Pt",5,Pt:Fe:Co:Ni:Cu = 1.00:1.09:1.23:1.17:1.08,Graphene,1.62,fcc,Continuous-flow spray pyrolysis,"ORR, HER","RDE half-cell, PEMWE","0.1 M HClO4 (ORR), 0.5 M H2SO4 (HER)",83.0 m2/gPt,0.94 V vs RHE,"1.94 A mgPt-1 at 0.90 V vs RHE (ORR), 32.71 A mgPt-1 at -0.05 V vs RHE (HER)",2.34 mA cmPt-2 at 0.90 V vs RHE,1660 mW cm^-2,94.5% mass activity retention after 30000 cycles (ORR),commercial Pt/C,Hydrocarbothermal flow synthesis via in situ H2 generation enables the production of ultra-small (<2 nm) and dense HEA nanoparticles on carbon supports with high ORR and HER activity.,Hydrocarbothermal flow synthesis of carbon-supported small and dense high-entropy alloy nanoparticles as electrocatalysts,https://doi.org/10.1038/s41467-025-63527-7,2025,Nature Communications
Pt0.45Fe0.18Co0.12Ni0.15Mn0.10,"Pt, Fe, Co, Ni, Mn",5,0.45:0.18:0.12:0.15:0.10,hollow carbon,5.9,L10 intermetallic,hollow-carbon confinement furnace annealing,ORR,half-cell,,,,,,,"80% mass activity retention after 30,000 potential cycles",commercial Pt/C,"Hollow-carbon confinement prevents phase separation during ordinary furnace annealing, enabling the synthesis of HEA nanoparticles with superior ORR activity and stability.",Hollow-Carbon Confinement Annealing: A New Synthetic Approach to Make High-Entropy Solid-Solution and Intermetallic Nanoparticles,https://doi.org/10.1021/acs.nanolett.3c02882,2023,Nano Letters
Pt/CrMnFeCoNi/Pt(111) and Pt(110),"Pt, Cr, Mn, Fe, Co, Ni",6,1:1:1:1:1 (Cantor alloy),Pt single crystal,,fcc,Arc-plasma deposition (APD),ORR,RDE half-cell,0.1 M HClO4,,70 mV positive shift vs Pt(111),,~2x enhancement factor vs Pt(111) at 0.1 uM melamine,,"Approx. 2x higher activity than non-melamine control after 10,000 cycles",Clean Pt(111) and Pt(110),Optimizing melamine surface coverage on Pt/HEA surfaces enhances ORR activity and durability by suppressing structural degradation.,Enhanced Oxygen Reduction Reaction Activity on the Melamine-Modified Pt-High-Entropy Alloy Single-Crystal Lattice Stacking Surface,https://doi.org/10.1021/acscatal.4c02191,2024,ACS Catalysis
N-doped PtCoNiFeCu (N-HEI/KB),"Pt, Co, Ni, Fe, Cu",5,Pt48Co10Ni12Fe12Cu12,Ketjenblack,2.9 +/- 0.1,L1? intermetallic,impregnation and thermal annealing,ORR,"RDE half-cell, MEA single cell",0.1 M HClO4,"62.1 m2 g_Pt?1 (Hupd), 77.6 m2 g_Pt?1 (CO)",0.925 V vs RHE,1.45 A mg_Pt?1 at 0.9 V,2.37 mA cm?2 at 0.9 V,971.6 mW cm^-2,"66.9% MA retention after 90,000 cycles",commercial Pt/C,Sub-angstrom strain induced by local atomic segregation and N-doping in high-entropy intermetallics enhances ORR activity and stability for heavy-duty vehicle applications.,Sub-angstrom strain in high-entropy intermetallic boosts the oxygen reduction reaction in fuel cell cathodes,https://doi.org/10.1038/s41467-025-62725-7,2025,Nature Communications
FeCoNiCuPt,"Fe, Co, Ni, Cu, Pt",5,Fe21.5Co19.1Ni21.5Cu14.1Pt23.7,,3 C7,single-phase fcc,NaCl-assisted solid-state reaction method,"HER, MOR",three-electrode,1 M KOH,2.70 times that of commercial Pt/C,,273 mA mg(Pt)-1 (HER); 1042 mA mg(Pt)-1 (MOR),0.026 mA cm-2 (HER); 208 mA cm-2 (MOR),,94.5% after 30000 s (HER); 94.1% after 6000 s (MOR),commercial Pt/C,The 20% Pt content FeCoNiCuPt HEA nanoparticles show the maximum HER and MOR activities and stability due to the largest d-orbital overlap bandwidth and strongest coordinate effects.,Synthesis of FeCoNiCuPt high-entropy alloy nanoparticle electrocatalysts with various Pt contents by a solid-state reaction method,https://doi.org/10.1039/d3ma00834g,2023,Materials Advances
PtRuRhCoNi,"Pt, Ru, Rh, Co, Ni",5,32:11:25:12:20,Ketjen Black-300,1.6,fcc,wet-chemical reduction,"EOR, MOR, HER",three-electrode,"0.5 M H2SO4, 1 M KOH","75.1 m2/gPtRuRh (1 M KOH), 89.9 m2/gPtRuRh (0.5 M H2SO4)",,"7.68 A mg_PtRuRh (EOR, 1 M KOH)","7.55 mA cm_PtRuRh (EOR, 1 M KOH)",,>96.8% after 2000 cycles (EOR),commercial Pt/C,Ultrathin PtRuRhCoNi HEA nanowires utilize a self-complementary effect through strong orbital coupling to maximize electroactivity for both oxidation and reduction reactions.,The self-complementary effect through strong orbital coupling in ultrathin high-entropy alloy nanowires boosting pH-universal multifunctional electrocatalysis,https://doi.org/10.1016/j.apcatb.2022.121431,2022,Applied Catalysis B: Environmental
PdPtCuAgAu,"Pd, Pt, Cu, Ag, Au",5,19.8:19.5:19.1:19.8:21.7,Vulcan XC-72,3.5,fcc,one-pot surfactant-directing aqueous synthesis,EOR,three-electrode,1.0 M KOH + 1.0 M ethanol,23.5,,7.7 A mg_Pd+Pt^-1,,,60% of initial mass activity after 500 cycles; 1.8 A mg_Pd+Pt residual mass activity after 5000 s,commercial Pd NPs,PdPtCuAgAu high-entropy alloy nanowires exhibit enhanced activity and stability for alcohol electrooxidation due to synergistic compositional and structural advantages.,Engineering high-entropy alloy nanowires network for alcohol electrooxidation,https://doi.org/10.1016/j.jcis.2022.06.105,2022,Journal of Colloid and Interface Science
PtRhFeNiCu,"Pt, Rh, Fe, Ni, Cu",5,,multiwalled carbon nanotubes (MWCNTs),,ordered intermetallic,impregnation-reduction and annealing,EOR,three-electrode,0.1 mol/L HClO4 + 0.2 mol/L CH3CH2OH,49.37,,914 mA/mgPt,1.40 mA/cm2Pt,47.50 mW/cm2,"durable during 50,000 s operation",commercial Pt/C,"Structurally ordered high-entropy intermetallics enhance C�CC bond cleavage and CO tolerance for ethanol oxidation compared to disordered high-entropy alloys, achieving high power density in direct ethanol fuel cells.",Structurally ordered high�\entropy intermetallic nanoparticles with enhanced C�CC bond cleavage for ethanol oxidation,https://doi.org/10.1002/smm2.1117,2022,SmartMat
HEA/c-PdSn (PdSnFeCoNi),"Pd, Sn, Fe, Co, Ni",5,1:1:1:1:1,Vulcan XC72R,~20 nm,single-phase fcc,thermal shock followed by pulsed annealing,EOR,three-electrode half-cell,1 M KOH + 1 M EtOH,,,11.87 A mg^-1Pd,,,>90.6% retention after 2000 cycles,commercial Pd/C,"Pulsed annealing creates PdSn clusters in the PdSnFeCoNi HEA matrix, significantly boosting EOR activity and stability via synergy between multifunctionality and site-specific reactivity.",Finely tailoring the local ensembles in heterostructured high entropy alloy catalysts through pulsed annealing,https://doi.org/10.1038/s41467-025-58495-x,2025,Nature Communications
PtSnBiPdIn/C,"Pt, Sn, Bi, Pd, In",5,Pt:Sn:Bi:Pd:In = 36.2:17.3:12.3:28.2:6.0,Vulcan XC-72,5.54,FCC,wet-chemical method,EGOR,three-electrode,1.0 M KOH + 1.0 M EG,,,29.76 A��mgPt+Pd^-1 at 1.13 V vs. RHE,,,"Maintained high activity after 12,000 s",commercial Pt/C and Pd/C,Tensile-strained nanoporous PtSnBiPdIn HEA nanoparticles enhance EGOR performance and CO tolerance by optimizing electron transfer and promoting a non-CO reaction pathway.,Tensile-strained PtSnBiPdIn high-entropy-alloy nanoparticles with nanopore structures for efficient ethylene glycol oxidation performance,https://doi.org/10.26599/nr.2025.94907754,2025,Nano Research
Pt30Rh27Mo17Ir16Ru10/C,"Pt, Rh, Mo, Ir, Ru",5,30:27:17:16:10,Ketjen black,~1,fcc,reduction-diffusion method,HOR/HER,RDE half-cell,0.1 M KOH,,,5.8 A mg?1Pt+Ru at 50 mV vs RHE,,,Activity decreased by 18.9% after 2000 s in 1000 ppm CO/H2,commercial PtRu/C and Pt/C,"Lattice distortion in HEA NWs modulates strain distribution and electronic structure, resulting in outstanding catalytic activity for HOR and HER.",A general approach to high-entropy metallic nanowire electrocatalysts,https://doi.org/10.1016/j.matt.2022.09.023,2022,Matter
PtRuRhPdIr HEAAs/C,"Pt, Ru, Rh, Pd, Ir",5,23.78:21.38:14.84:25.25:14.75,Vulcan XC-72R carbon,,single-phase fcc,freeze-thaw method,HOR,"RDE half-cell, MEA single cell",0.1 M KOH,,,5.75 A mgPGM-1 at 50 mV,0.69 mA cm-2,730 mW cm-2,94.1% retention after 6 h,commercial Pt/C,Highly distorted PtRuRhPdIr HEAAs provide abundant unsaturated sites and synergistic multi-active sites balance H* and *OH adsorption to boost HOR performance.,Highly Distorted High-Entropy Alloy Aerogels for High-Efficiency Hydrogen Oxidation Reaction,https://doi.org/10.1021/acsnano.5c02198,2025,ACS Nano
FeCoNiMnCr/NCNTs,"Fe, Co, Ni, Mn, Cr",5,0.31:0.28:0.17:0.13:0.11 (Fe:Ni:Co:Mn:Cr),N-doped carbon nanotubes (NCNTs),,fcc,Freeze-drying and pyrolysis,ORR,RDE half-cell,0.1 M KOH,,,,,,~90%,Commercial Pt/C,Nonprecious fcc FeCoNiMnCr HEA nanoparticles grafted on NCNTs emulate commercial Pt/C for ORR in alkaline medium and show better tolerance to voltage drops in the Ohmic polarization region of fuel cells.,FeCoNiMnCr High-Entropy Alloy Nanoparticle-Grafted NCNTs with Promising Performance in the Ohmic Polarization Region of Fuel Cells,https://doi.org/10.1021/acsami.1c21336,2022,ACS Applied Materials & Interfaces
PdCuRuMoNi,"Pd, Cu, Ru, Mo, Ni",5,Pd56.2Cu2.7Ru20.4Mo5.1Ni15.6 (at% ICP-AES),,,fcc,template-assisted seed-mediated reduction,MOR,three-electrode,1 M KOH + 1 M CH3OH,25.9 m2 g-1,,1621.7 mA mg_Pd-1,6.3 mA cm-2,,retained highest current density after 100 cycles and 3600 s CA,commercial Pd/C,"The synergistic effects of multi-metallic components in 3D PdCuRuMoNi nanosheets optimize the electronic structure and d-band center, significantly enhancing MOR activity and CO tolerance.",Synthesis of three-dimensional multimetallic PdCuRuMoNi catalysts for efficient methanol oxidation reaction,https://doi.org/10.1016/j.mseb.2025.118957,2025,Materials Science and Engineering B
PtFeCoNiCuZn-HEI,"Pt, Fe, Co, Ni, Cu, Zn",6,Pt0.48Fe0.10Co0.10Ni0.09Cu0.13Zn0.10,Zn-DPCN (dodecahedral porous carbon nitride),2,face-centered tetragonal (fct),space-confined strategy,ORR,three-electrode,0.1 M HClO4,69.2,0.906,2.403 A mgPt-1 at 0.90 V vs RHE,3.471 mA cm-2 at 0.90 V vs RHE,1400 W cm-2,"94.1% mass activity retention after 10,000 cycles",commercial 20 wt% Pt/C,"Modulation of the Pt d-band center and activation of non-precious metal sites (Fe, Zn) as multiple active centers significantly enhance ORR activity in ultrasmall high-entropy intermetallics.",An Ultrasmall Ordered High-Entropy Intermetallic with Multiple Active Sites for the Oxygen Reduction Reaction,https://doi.org/10.1021/jacs.3c12649,2023,Journal of the American Chemical Society
Pt(FeCoNiCuZn)3/C,"Pt, Fe, Co, Ni, Cu, Zn",6,Pt:Fe:Co:Ni:Cu:Zn = 24.3:24.0:15.0:15.2:13.0:7.5,Vulcan XC-72,5.75,L1?-type intermetallic,impregnation-reduction,ORR,"RDE half-cell, MEA single cell",0.1 M HClO4,52.3 m2 gPt-1,0.922 V vs RHE,0.70 A mgPt-1 at 0.9 V,1.34 mA cm-2 at 0.9 V,600 mW cm-2,"97.1% MA retention after 30,000 cycles",commercial Pt/C,High-entropy intermetallic L1?-Pt(FeCoNiCuZn)3/C exhibits ultrastable ORR activity due to high-entropy and sluggish diffusion effects that prevent non-precious metal leaching and particle aggregation.,High-entropy L12-Pt(FeCoNiCuZn)3 intermetallics for ultrastable oxygen reduction reaction,https://doi.org/10.1016/j.jechem.2023.07.019,2023,Journal of Energy Chemistry
Pt(FeCoNiCu)3/C,"Pt, Fe, Co, Ni, Cu",5,1:0.75:0.75:0.75:0.75,carbon,6.5,L12 intermetallic,freeze-drying-annealing,ORR,RDE half-cell,0.1 M HClO4,516.8 cm2 mgPt-1,,4.09 A mgPt-1,7.92 mA cm-2,,11 mV decrease in half-wave potential after 5000 cycles,commercial Pt/C,A machine learning-aided strategy discovered Pt(FeCoNiCu)3 high-entropy intermetallic as a low-Pt ORR catalyst with ultrahigh activity and enhanced stability due to optimal surface strain and sluggish diffusion.,Machine Learning�\Aided Discovery of Low�\Pt High Entropy Intermetallic Compounds for Electrochemical Oxygen Reduction Reaction,https://doi.org/10.1002/anie.202411123,2024,Angewandte Chemie International Edition
Ni0.13Co0.13Fe0.13Pd0.10Pt0.50,"Ni, Co, Fe, Pd, Pt",5,Ni0.13Co0.13Fe0.13Pd0.10Pt0.50,CNTs,6.05 +/- 2.01,FCC,Low-temperature solvothermal,ORR,Three-electrode,,,0.871 V,,,,,Commercial Pt/C (20 wt %),Non-equiatomic Ni-Co-Fe-Pd-Pt high-entropy alloys circumvent scaling relations via diverse local environments and exhibit higher ORR activity than equiatomic HEECs and commercial Pt/C.,Design high-entropy electrocatalyst via interpretable deep graph attention learning,https://doi.org/10.1016/j.joule.2023.06.003,2023,Joule
PdNiRuIrRh,"Pd, Ni, Ru, Ir, Rh",5,26.5:26.2:14.8:16.8:15.7,,4.8,single-phase fcc,wet-chemical reduction,HOR,RDE half-cell,0.1 M KOH,,,3.25 mA ug-1 at 50 mV vs RHE,1.19 mA cm-2,,95.2% j0 retention after 1000 CV cycles,commercial Pt/C,"Dominant Pd-Pd-Ni/Pd-Pd-Pd bonding environments optimize *H adsorption/desorption, and Ni/Ru oxophilic sites enhance *OH adsorption, resulting in superior alkaline HOR performance.",Understanding Alkaline Hydrogen Oxidation Reaction on PdNiRuIrRh High�\Entropy�\Alloy by Machine Learning Potential,https://doi.org/10.1002/anie.202217976,2023,Angewandte Chemie International Edition
PtFeCoNiCu/C,"Pt, Fe, Co, Ni, Cu",5,1:1:1:1:1,Vulcan XC-72,"2.37 (HEA-700), 1.41 (HEA-400)",fcc,impregnation-reduction,MOR,three-electrode,0.1 M HClO4 + 1 M CH3OH,,,1.40 A mg^Pt-1,3.29 mA cm?2,,72.5% after 1000 cycles,commercial Pt/C,"Compressive strain in PtFeCoNiCu HEAs shortens the Pt-Pt bond distance and downshifts the d-band center, weakening CO adsorption and thereby enhancing MOR activity and stability.",Tailoring lattice strain in ultra-fine high-entropy alloys for active and stable methanol oxidation,https://doi.org/10.1007/s40843-020-1635-9,2021,Science China Materials
FeNiCuCoPt@CNFs,"Pt, Fe, Ni, Cu, Co",5,,CO2-activated carbon nanofibers (CNFs),7.8 +/- 1.7,FCC,precursor printing and pulse high-temperature synthesis,ORR,RRDE half-cell,0.1 M HClO4,,0.892 V vs RHE,1.32 A mg_Pt^-1 @ 0.85 V,,,E1/2 shifts negatively by 10 mV after 10000 cycles,commercial Pt/C,FeNiCuCoPt demonstrates outstanding ORR activity due to the contribution of Fe active sites and the synergistic effects of Cu/Co elements.,Accelerating the Discovery of Oxygen Reduction Electrocatalysts: High�\Throughput Screening of Element Combinations in Pt�\Based High�\Entropy Alloys,https://doi.org/10.1002/anie.202407116,2024,Angewandte Chemie International Edition
PtCuGaFeCo/C,"Pt, Cu, Ga, Fe, Co",5,,Vulcan XC-72,2,fcc,one-pot solution-based method,ORR,RDE half-cell,0.1 M HClO4,143 m2/g Pt,0.88 V vs RHE,3.11 A mg_Pt-1 at 0.90 V,2.18 mA cm_Pt-2 at 0.90 V,,E1/2 decreased by 13 mV after 1000 cycles,commercial Pt/C,"Surface strain and optimized coordination environments of PtCuGaFeCo, along with ultrasmall size, lead to high ORR activities in acidic media.",Highly Dispersed Ultrasmall High�\Entropy Alloys Nanoparticles as Efficient Electrocatalysts for Oxygen Reduction in Acidic Media,https://doi.org/10.1002/smll.202308421,2024,Small
PtRhFeNiCu,"Pt, Rh, Fe, Ni, Cu",5,,MWCNTs,,ordered intermetallic (fcc-based),impregnation-reduction and annealing,EOR,"RDE half-cell, MEA single cell",0.1 M HClO4 + 0.2 M CH3CH2OH,49.37 m2/g,,914 mA/mgPt,1.40 mA/cm2Pt,47.50 mW/cm2,"durable for 50,000 s operation",commercial Pt/C,Structurally ordered high-entropy intermetallics enhance C-C bond cleavage and CO tolerance for ethanol oxidation compared to disordered alloys.,Structurally ordered high�\entropy intermetallic nanoparticles with enhanced C�CC bond cleavage for ethanol oxidation,https://doi.org/10.1002/smm2.1117,2022,SmartMat
PdSnFeCoNi (HEA/c-PdSn),"Pd, Sn, Fe, Co, Ni",5,1:1:1:1:1,Vulcan XC72R carbon black,20,single-phase fcc,thermal shock and pulsed annealing,EOR,three-electrode,1.0 M KOH + 1.0 M EtOH,,,11.87 A mg^-1 Pd,,,>90.6% after 2000 cycles,commercial Pd/C,"Pulsed annealing controls the formation of ultrafine PdSn clusters within the HEA matrix, creating a heterostructure that enhances EOR mass activity and stability through multifunctional and site-specific synergy.",Finely tailoring the local ensembles in heterostructured high entropy alloy catalysts through pulsed annealing,https://doi.org/10.1038/s41467-025-58495-x,2025,Nature Communications
PtRuNiCoFeMo HEA SNWs,"Pt, Ru, Ni, Co, Fe, Mo",6,28.5/6.8/18.6/15.2/10.7/20.2 (ICP-OES),Vulcan XC-72R carbon,1.8 +/- 0.3,fcc,Wet-chemical reduction,HOR,RDE half-cell,0.1 M KOH,,,6.75 A mg_Pt+Ru^-1 at 50 mV vs RHE,8.96 mA cm^-2 at 50 mV vs RHE,,93.8% mass activity retention after 2000 cycles,commercial PtRu/C and Pt/C,"Strong interactions between different metal sites in HEA SNWs regulate the binding strength of proton and hydroxyl, enhancing alkaline HOR activity and CO tolerance.",Subnanometer high-entropy alloy nanowires enable remarkable hydrogen oxidation catalysis,https://doi.org/10.1038/s41467-021-26425-2,2021,Nature Communications
Pt1-NiCoMgBiSn (HEASA-Pt),"Pt, Ni, Co, Mg, Bi, Sn",6,1:1:1:1:1 (Ni:Co:Mg:Bi:Sn) with 2.3 at% Pt,Carbon nanotube film,~3,Single-phase fcc,Joule-heating,MOR,Three-electrode,1 M KOH + 1 M methanol,,,35.3 A mg?1 at 0.8 V vs RHE,,22.8 mW cm?2,"94.7% current retention after 180,000 s",commercial Pt/C,Isolating single-atom Pt in a high-entropy alloy (NiCoMgBiSn) lattice suppresses CO poisoning and achieves high MOR mass activity by enabling synergistic removal of adsorbed CO and facilitating the CO-free pathway.,High-entropy alloyed single-atom Pt for methanol oxidation electrocatalysis,https://doi.org/10.1038/s41467-025-61376-y,2025,Nature Communications
PtAgBiCo nanoplates,"Pt, Ag, Bi, Co",4,58:5.7:24:12.30,carbon black,,single-phase alloy,two-step polyol reduction,ORR,RDE half-cell,0.1 M HClO4,41 m2/g,,0.81 A mgPt-1 at 0.90 V,1.95 mA cm-2 at 0.90 V,,95.8% mass activity retention after 10000 cycles,"commercial Pt/C (JM, 20 wt%)","Porous PtAgBiCo nanoplates exhibit superior ORR activity, durability, and excellent methanol tolerance compared to commercial Pt/C.",Shape controlled synthesis of porous tetrametallic PtAgBiCo nanoplates as highly active and methanol-tolerant electrocatalyst for oxygen reduction reaction,https://doi.org/10.1039/c7sc00318h,2017,Chemical Science
PtZnFeCoNiCr (PD-PZFCNC-HEI),"Pt, Zn, Fe, Co, Ni, Cr",6,Pt0.5022Zn0.2235Ni0.058Co0.0617Fe0.0857Cr0.0688,Zn-DPCN (ZIF-8 derived porous carbon),1.726,face-centered tetragonal (fct),carbon support pore-confined reduction,ORR,"RDE half-cell, MEA single cell",0.1 M HClO4,70.3,0.948 V vs. RHE,4.12 A mgPt-1 at 0.90 V,5.6 mA cm-2 at 0.90 V,1900 W cm-2,"89.0% mass activity retention after 20,000 cycles",commercial Pt/C,"Pt antisite defects optimize Pt's electronic structure and activate non-noble metal sites, achieving exceptional ORR activity and stability.",Antisite defect unleashes catalytic potential in high-entropy intermetallics for oxygen reduction reaction,https://doi.org/10.1038/s41467-025-58679-5,2025,Nature Communications
PtFeCoNiIr/C,"Pt, Fe, Co, Ni, Ir",5,34:31.5:16:9.8:8.7,carbon black,2 +/- 0.5,fcc,Joule heating,"AOR, ORR, HER",RDE half-cell,"0.1 M HClO4, 1.0 M KOH, 0.5 M H2SO4",58.5 m2 g-1,0.87 V vs RHE,139.8 A g-1_PGM,,,"2.93% decay after 2000 cycles (AOR), no E1/2 decay after 5000 cycles (ORR)",benchmark Pt/C,"Ultra-small PtFeCoNiIr/C HEA prepared via Joule heating exhibits superior AOR, ORR, and HER performance and anti-poisoning stability due to electronic coupling and strong metal-support interaction.",Ultra�\Small High�\Entropy Alloy as Multi�\Functional Catalyst for Ammonia Based Fuel Cells,https://doi.org/10.1002/smll.202400892,2024,Small
PtPdFeCoNi HEA NRs,"Pt, Pd, Fe, Co, Ni",5,25.5:33.1:16.5:9.4:15.5,Ketjen Black-300,~2.13 nm (thickness),fcc,solvothermal,ORR,RDE half-cell,0.1 M KOH,75.09 m2 g?1 Pt+Pd,0.959 V vs. RHE,0.99 A mg-1 PGM at 0.95 V vs. RHE,1.32 mA cm?2 at 0.95 V vs. RHE,,62.5% mass activity retention after 50k cycles,commercial Pt/C,"Breaking surface atomic symmetry via terrace-type defects in HEA nanorings releases surface stress to generate compressive strain, which downshifts the Pt d-band center and weakens OH adsorption for enhanced ORR kinetics.",Breaking the symmetry of high-entropy alloy surfaces for compressively strain-tuned oxygen reduction reaction,https://doi.org/10.1038/s41467-025-65856-z,2025,Nature Communications
FeCoNiCuPt/G,"Fe, Co, Ni, Cu, Pt",5,Pt1.00Fe1.09Co1.23Ni1.17Cu1.08,graphene,1.62,single-phase fcc,continuous-flow spray pyrolysis,"ORR, HER",RDE half-cell,0.1 M HClO4,83.0 m2 gPt-1,0.94 V vs RHE,1.94 A mgPt-1 at 0.90 V vs RHE,2.34 mA cmPt-2 at 0.90 V vs RHE,,5.5% mass activity loss after 30000 cycles,commercial Pt/C,"A one-step continuous-flow hydrocarbothermal synthesis produces sub-2 nm, high-loading HEA nanoparticles, yielding highly active and durable ORR and HER electrocatalysts.",Hydrocarbothermal flow synthesis of carbon-supported small and dense high-entropy alloy nanoparticles as electrocatalysts,https://doi.org/10.1038/s41467-025-63527-7,2025,Nature Communications
FeCoNiCuPt high-entropy alloy nanoparticles,"Fe, Co, Ni, Cu, Pt",5,"Fe, Co, Ni, Cu equimolar with 10-30% Pt (Optimal 20% Pt measured: Fe21.5Co19.1Ni21.5Cu14.1Pt23.7)",,3.7,fcc,solid-state reaction method,"HER, MOR",three-electrode system,1 M KOH / 1 M KOH + 1 M CH3OH,2.70 times commercial Pt/C,,1042 mA mg_pt^{-1} (MOR) / 273 mA mg_pt^{-1} (HER),208 mA cm^{-2} (MOR) / 0.026 mA cm^{-2} (HER),,94.1% after 6000 s (MOR),commercial Pt/C,FeCoNiCuPt HEA nanoparticles with 20% Pt content exhibit the best HER/MOR activity and stability due to the largest d-orbital overlap bandwidth and strongest coordinate effects.,Synthesis of FeCoNiCuPt high-entropy alloy nanoparticle electrocatalysts with various Pt contents by a solid-state reaction method,https://doi.org/10.1039/d3ma00834g,2023,Materials Advances
N-doped L1?-ordered PtCoNiFeCu (N-HEI),"Pt, Co, Ni, Fe, Cu",5,Pt48Co10Ni12Fe12Cu12 (measured),Ketjenblack (KB),2.9,L1?-ordered intermetallic,Thermal annealing,ORR,RDE half-cell and MEA single cell,0.1 M HClO4,77.6 m2 gPt-1 (CO stripping),0.925 V vs RHE,1.45 A mgPt-1 at 0.9 V,2.37 mA cm-2 at 0.9 V,,"82.1% MA retention after 30,000 cycles; 66.9% MA retention after 90,000 cycles",commercial Pt/C,"Sub-angstrom strain induced by local atomic segregation and N-doping, combined with the pinning effect of metal-N bonds, boosts ORR activity and ensures exceptional durability for heavy-duty vehicle applications.",Sub-angstrom strain in high-entropy intermetallic boosts the oxygen reduction reaction in fuel cell cathodes,https://doi.org/10.1038/s41467-025-62725-7,2025,Nature Communications
Pt18Ni26Fe15Co14Cu27/C,"Pt, Ni, Fe, Co, Cu",5,18:26:15:14:27,Ketjen Black-300,3.4,fcc,low-temperature oil phase synthesis,MOR,three-electrode,1 M KOH + 1 M CH3OH,,,15.04 A mg-1Pt at peak potential,,,93.6% mass activity retention after 1000 CV cycles,commercial Pt/C,The Pt18Ni26Fe15Co14Cu27/C high-entropy alloy catalyst exhibits superior alkaline MOR performance driven by fast site-to-site electron transfer and synergistic multi-active sites.,Fast site-to-site electron transfer of high-entropy alloy nanocatalyst driving redox electrocatalysis,https://doi.org/10.1038/s41467-020-19277-9,2020,Nature Communications
PtFeCoNiCu/C,"Pt, Fe, Co, Ni, Cu",5,1:1:1:1:1,Vulcan XC-72,"1.41 nm (HEA-400), 2.37 nm (HEA-700)",fcc,impregnation-reduction,MOR,three-electrode,0.1 M HClO4 + 1.0 M CH3OH,,,"1.40 A mg-1 (HEA-700), 1.30 A mg-1 (HEA-400)","3.29 mA cm-2 (HEA-700), 2.35 mA cm-2 (HEA-400)",,"72.5% (HEA-700), 69.4% (HEA-400) after 1000 cycles",Pt/C,"Tailoring compressive lattice strain in PtFeCoNiCu HEAs downshifts the d-band center, weakening CO adsorption and boosting methanol oxidation activity and stability.",Tailoring lattice strain in ultra-fine high-entropy alloys for active and stable methanol oxidation,https://doi.org/10.1007/s40843-020-1635-9,2021,Science China Materials
CrMnFeCoNi,"Cr, Mn, Fe, Co, Ni",5,Cr12Mn24Fe31Co16Ni17,carbon black,170,fcc,solution-based reduction,"ORR, OER",three-electrode,"0.1 M KOH (ORR), 1.0 M KOH (OER)",,0.78 V vs. RHE,,,116.5 mW/cm2,99% of original OER current density maintained after 30 h; stable ZAB operation for over 240 h (720 cycles) at 8 mA/cm2,"commercial Pt/C, RuO2",A noble-metal-free CrMnFeCoNi high-entropy alloy with a highly distorted fcc lattice and twin defects optimizes the binding strength of intermediates to deliver outstanding bifunctional ORR/OER performance and exceptional stability in Zinc-air batteries.,A CrMnFeCoNi high entropy alloy boosting oxygen evolution/reduction reactions and zinc-air battery performance,https://doi.org/10.1016/j.ensm.2023.03.022,2023,Energy storage materials
CrMnFeCoNi,"Cr, Mn, Fe, Co, Ni",5,Cr12Mn24Fe31Co16Ni17,,170,fcc,wet-chemical reduction,ORR/OER,three-electrode,0.1 M KOH,,0.78 V,,,116.5 mW/cm2,"99% retention after 30 h OER, no significant ORR variation after 5000 cycles","commercial Pt/C, RuO2","The noble-metal-free CrMnFeCoNi high-entropy alloy shows outstanding bifunctional OER/ORR activity and durability attributed to twinned defects, lattice distortions, and electronic synergy between components.",Strategies for developing transition metal phosphides as heterogeneous electrocatalysts for water splitting,https://doi.org/10.1016/j.nantod.2017.06.006,2017,Nano Today
Pt/Cr-Mn-Fe-Co-Ni/Pt(hkl),"Pt, Cr, Mn, Fe, Co, Ni",6,Cr:Mn:Fe:Co:Ni = 1.0:1.0:1.0:1.0:1.0,Pt(hkl) single-crystal substrate,,epitaxial fcc,arc-plasma-deposition,ORR,three-electrode RDE,0.1 M HClO4,,,,12 times higher than Pt(111) at 0.9 V vs. RHE,,54% activity retention after 5000 cycles (0.6-1.0 V vs. RHE),Pt/Co/Pt(hkl) and clean Pt(hkl),Epitaxially grown Pt on Cantor alloy single-crystal substrates forms a stable pseudo-core-shell structure that significantly improves ORR activity and structural durability compared to binary Pt-Co surfaces.,Experimental study platform for electrocatalysis of atomic-level controlled high-entropy alloy surfaces,https://doi.org/10.1038/s41467-023-40246-5,2023,Nature Communications
FeCoNiCuMn high-entropy single-atom catalyst,"Fe, Co, Ni, Cu, Mn",5,,porous nitride-doped carbon,,,movable type printing method,ORR,RDE half-cell,0.1 M KOH,,0.887 V vs. RHE,,,195 mW cm-2,"93.33% current retention after 25,000 s",commercial Pt/C,A quinary FeCoNiCuMn high-entropy single-atom catalyst synthesized via a movable type printing method exhibits highly active and durable ORR performance that outperforms commercial Pt/C.,Movable type printing method to synthesize high-entropy single-atom catalysts,https://doi.org/10.1038/s41467-022-32850-8,2022,Nature Communications
PtPdFeCoNiSnMn/C,"Pt, Pd, Fe, Co, Ni, Sn, Mn",7,,Vulcan XC-72,,single-phase fcc,one-step solvothermal followed by thermal annealing,"EOR, ORR",RDE half-cell and MEA single cell,"1.0 M KOH + 1.0 M ethanol (EOR), 0.1 M KOH (ORR)",114.6 m2 g-1 (CO stripping),0.95 V vs. RHE,24.3 A mg-1_PGMs at 0.81 V_RHE (EOR); 17.7 A mg-1_PGMs at 0.9 V_RHE (ORR),21.2 mA cm-2 at 0.81 V_RHE (EOR); 15.5 mA cm-2 at 0.9 V_RHE (ORR),720 mW cm-2 at 60  C (0.8 W cm-2 at 75  C),Negligible activity decay after 50k cycles (EOR) and 100k cycles (ORR); <4% decay after 1200 hours MEA operation,"commercial Pt/C, Pd/C, PtPd/C","A septenary PtPdFeCoNiSnMn high-entropy alloy with a PtPd-rich surface achieves excellent ORR and 12-electron EOR activity, enabling direct ethanol fuel cells to achieve a maximum power density of 0.72 W cm-2 and 1200 hours of stable operation.",Rational design of septenary high-entropy alloy for direct ethanol fuel cells,https://doi.org/10.1016/j.joule.2023.02.011,2023,Joule
Mo1-PdPtNiCuZn nanosheets,"Mo, Pd, Pt, Ni, Cu, Zn",6,Pd/Pt/Ni/Cu/Zn/Mo: 24.1/14.6/26.3/22.1/11.1/1.8,Ketjen Black-300,1.69 nm (thickness),fcc,one-pot liquid-phase synthesis,MOR,three-electrode,1.0 M KOH + 1.0 M methanol,70.21 m2 g-1,,24.55 A mgPt-1,16.55 mA cm-2,,1.15 A mgPt-1 remaining after 10 h,commercial Pt/C,Integrating single-atom Mo onto tensile-strained PdPtNiCuZn high-entropy alloy nanosheets suppresses CO poisoning by switching the MOR mechanism to a highly efficient formate-dominated pathway.,Single-atom Mo-tailored high-entropy-alloy ultrathin nanosheets with intrinsic tensile strain enhance electrocatalysis,https://doi.org/10.1038/s41467-024-45874-z,2024,Nature Communications
N-Pt/HEA/C (N-Pt/PtCoFeNiCu/C),"Pt, Co, Fe, Ni, Cu",5,1:1:1:1:1 (Pt:Co:Ni:Fe:Cu nominal ratio in core),Vulcan XC-72 carbon black,4.1 +/- 0.8,fcc,thermal annealing and acid-etching de-alloying,ORR,RDE half-cell and MEA single cell,0.1 M HClO4,69.5 m2/g,0.924 V vs. RHE,1.34 A/mg_Pt at 0.9 V,1.93 mA/cm2 at 0.9 V vs. RHE,,"79.1% mass activity retention after 30,000 potential cycles",commercial Pt/C,"Combining high-entropy alloy core, nitrogen-doping to form M-N bonds, and a Pt-rich shell synergistically enhances the ORR activity and structural stability of Pt-based catalysts.",Multiple Metal�CNitrogen Bonds Synergistically Boosting the Activity and Durability of High-Entropy Alloy Electrocatalysts,https://doi.org/10.1021/jacs.3c08177,2024,Journal of the American Chemical Society
Pt1-NiCoMgBiSn/CNT,"Pt, Co, Ni, Sn, Bi, Mg",6,Pt: 2.3 at%,carbon nanotube film,~3 nm,fcc,in-situ Joule-heating,MOR,three-electrode,1 M KOH + 1 M methanol,,,35.3 A mg-1,,22.8 mW cm-2,"94.7% current retention after 180,000 s",commercial Pt/C,Alloying single-atom Pt with non-noble elements in a high-entropy structure activates Pt sites for methanol oxidation while suppressing CO poisoning via multi-element coordination.,High-entropy alloyed single-atom Pt for methanol oxidation electrocatalysis,https://doi.org/10.1038/s41467-025-61376-y,2025,Nature Communications
Pt1-NiCoMgBiSn/CNT,"Pt, Co, Ni, Mg, Bi, Sn",6,Pt content of 2.3 at%,carbon nanotube,3,fcc,ultrafast Joule-heating,MOR,three-electrode,1 M KOH + 1 M CH3OH,,,35.3 A mg-1,,22.8 mW cm-2,"94.7% current retention after 180,000 s",commercial Pt/C,High-entropy alloyed single-atom Pt (Pt1-NiCoMgBiSn) on CNTs achieves high MOR activity (35.3 A mg-1) and strong CO-poisoning resistance due to the synergistic effect of the multi-element coordination.,Highly-active Pd�CCu electrocatalysts for oxidation of ubiquitous oxygenated fuels,https://doi.org/10.1016/j.apcatb.2016.03.016,2016,Applied Catalysis B: Environmental
PtRuNiCoFeMo HEA SNWs/C,"Pt, Ru, Ni, Co, Fe, Mo",6,Pt/Ru/Ni/Co/Fe/Mo = 28.5/6.8/18.6/15.2/10.7/20.2,Vulcan XC-72R carbon,1.8 +/- 0.3,fcc,wet-chemical reduction,HOR,RDE half-cell,0.1 M KOH,,,6.75 A mgPt+Ru-1 at 50 mV vs. RHE,8.96 mA cm-2 at 50 mV vs. RHE,,93.8% mass activity retention after 2000 cycles,"commercial PtRu/C, Pt/C, and HEA NPs/C",Synthesized PtRuNiCoFeMo high-entropy alloy subnanometer nanowires show exceptional activity and durability for alkaline HOR because strong metal interactions optimize proton and hydroxyl adsorption.,Subnanometer high-entropy alloy nanowires enable remarkable hydrogen oxidation catalysis,https://doi.org/10.1038/s41467-021-26425-2,2021,Nature Communications
PtFeCoNiCuZn high-entropy intermetallic (PFCNCZ-HEI),"Pt, Fe, Co, Ni, Cu, Zn",6,Pt:Fe:Co:Ni:Cu:Zn = 1:0.34:0.16:0.17:0.21:1.67 (ICP-AES),dodecahedral porous carbon nitride (Zn-DPCN),2,fct ordered intermetallic,space-confined impregnation-reduction,ORR,"RDE half-cell, MEA single cell",0.1 M HClO4,69.2 m2 gPt-1,0.906 V vs. RHE,2.403 A mgPt-1 at 0.90 V vs. RHE,3.471 mA cm-2 at 0.90 V vs. RHE,"1400 mW cm-2 (H2-O2), 600 mW cm-2 (H2-air)","94.1% mass activity retention after 10,000 cycles",commercial 20 wt% Pt/C,An ultrasmall (~2 nm) fct-ordered PtFeCoNiCuZn high-entropy intermetallic synthesized via a space-confined strategy achieves outstanding ORR activity and stability due to d-band center modulation and activation of non-precious-metal sites.,An Ultrasmall Ordered High-Entropy Intermetallic with Multiple Active Sites for the Oxygen Reduction Reaction,https://doi.org/10.1021/jacs.3c12649,2023,Journal of the American Chemical Society
Au-Pd6CoCu/C,"Au, Pd, Co, Cu",4,"Pd:Co:Cu = 6:1:1, Pd:Au = ~100:1",Vulcan XC-72 carbon,7.5,fcc,impregnation-reduction followed by galvanic replacement,ORR,RDE half-cell and MEA single cell,0.1 M HClO4,,,,,560 mW cm-2 at 80 C,"21% maximum power density loss after 100 h; 25 mV negative shift in half-wave potential after 10,000 cycles",Pd6CoCu/C,"Spontaneous incorporation of trace gold uniformly stabilizes the Pd-Co-Cu bulk lattice, significantly enhancing the durability of the non-platinum catalyst towards the oxygen reduction reaction.",Spontaneous incorporation of gold in palladium-based ternary nanoparticles makes durable electrocatalysts for oxygen reduction reaction,https://doi.org/10.1038/ncomms11941,2016,Nature Communications
Au-Pd6CoCu/C,"Au, Pd, Co, Cu",4,"Au:Pd ~ 1:100, Pd:Co:Cu = 6:1:1",Vulcan XC-72,7.5,fcc,impregnation-reduction followed by spontaneous galvanic replacement,ORR,RDE half-cell and MEA single cell,0.1 M HClO4,,,,,560 mW cm-2 at 80 C,"21% maximum power density loss after 100 h in MEA; 25 mV negative shift in half-wave potential and 13.8% ECSA loss after 10,000 RDE cycles",Pd6CoCu/C,"Spontaneous incorporation of trace gold uniformly into the Pd6CoCu bulk lattice stabilizes the catalyst against transition metal dissolution, maintaining high activity and durability for the oxygen reduction reaction.",Rh-doped PdAg nanoparticles as efficient methanol tolerance electrocatalytic materials for oxygen reduction,https://doi.org/10.1016/j.scib.2018.12.008,2018,Science Bulletin
PD-PZFCNC-HEI,"Pt, Zn, Fe, Co, Ni, Cr",6,Pt0.5022Zn0.2235Ni0.058Co0.0617Fe0.0857Cr0.0688,Zn-DPCN (ZIF-8-derived pyrolysis carbon),1.726,face-centered tetragonal (fct) ordered intermetallic,pore-confined reduction and annealing,ORR,RDE half-cell and MEA single cell,0.1 M HClO4,70.3 m2 gPt-1,0.948 V vs. RHE,4.12 A mgPt-1 at 0.9 V (RDE); 3.0 A mgPt-1 at 0.9 V (MEA),5.6 mA cm-2 at 0.9 V,1900 W cm-2,89.0% mass activity retention after 20k cycles (RDE); 2.2 A mgPt-1 mass activity and 14 mV loss at 0.8 A cm-2 after 30k cycles (MEA),commercial 20 wt% Pt/C,"Synthesizing an ultrafine ordered PtZnFeCoNiCr high-entropy intermetallic incorporating Pt antisite defects optimizes Pt's electronic structure through local compressive strain, activating multi-active sites for enhanced ORR activity and stability.",Antisite defect unleashes catalytic potential in high-entropy intermetallics for oxygen reduction reaction,https://doi.org/10.1038/s41467-025-58679-5,2025,Nature Communications
PtNiMoAu NWs/C,"Pt, Ni, Mo, Au",4,3.02:1.00:0.11:0.13,Vulcan XC-72,1.1 nm (diameter),,solvothermal,ORR,RDE half-cell and MEA single cell,0.1 M HClO4,86.1 m2/g (after 80k ADT cycles),,2.89 A/mg_Pt at 0.9 V_RHE (RDE); 0.93 A/mg_Pt at 0.9 V_iR-free (MEA),3.13 mA/cm2 at 0.9 V_RHE,1710 W/cm2 (H2-O2); 930 W/cm2 (H2-Air),83.8% mass activity retention after 80k cycles (RDE); 77.4% mass activity retention after 30k cycles (MEA),commercial Pt/C,"Integrating Mo and Au dopants into PtNi nanowires suppresses transition metal leaching and stabilizes the surface Pt overlayer, yielding outstanding activity and durability in practical PEMFCs.",Identifying the distinct roles of dual dopants in stabilizing the platinum-nickel nanowire catalyst for durable fuel cell,https://doi.org/10.1038/s41467-024-44788-0,2024,Nature Communications
N-doped L10-ordered PtCoNiFeCu/KB (N-HEI/KB),"Pt, Co, Ni, Fe, Cu",5,Pt48Co10Ni12Fe12Cu12N6,Ketjen-black carbon,2.9,L10-ordered,thermal annealing,ORR,RDE and MEA,0.1 M HClO4,62.1,0.925 V vs. RHE,1.45 A mg_Pt-1 at 0.9 V,2.37 mA cm-2 at 0.9 V,,"17.9% mass activity loss after 30,000 cycles in RDE; 1388 mA cm-2 at 0.7 V after 90,000 cycles in MEA",commercial Pt/C,"The synergy of sub-angstrom strain, metal-N pinning, and high-entropy effects in N-doped L10-ordered PtCoNiFeCu intermetallic catalysts delivers exceptional ORR activity and durability under heavy-duty vehicle fuel cell conditions.",Sub-angstrom strain in high-entropy intermetallic boosts the oxygen reduction reaction in fuel cell cathodes,https://doi.org/10.1038/s41467-025-62725-7,2025,Nature Communications
PtPdFeCoNi HEA NRs/C,"Pt, Pd, Fe, Co, Ni",5,Pt:Pd:Fe:Co:Ni = 25.5:33.1:16.5:9.4:15.5,Ketjen Black-300,thickness of ~2.13 nm,fcc,wet-chemical reduction,ORR,RDE half-cell,0.1 M KOH,75.09 m2 g-1,0.959 V vs. RHE,0.99 A mg-1 PGM at 0.95 V vs. RHE,1.32 mA cm-2 at 0.95 V vs. RHE,,"62.5% mass activity retention after 50,000 cycles",commercial Pt/C,"Symmetry-breaking terrace-type (221) defects on PtPdFeCoNi HEA nanorings induce compressive strain that lowers the Pt d-band center, optimizing OH desorption and significantly accelerating ORR kinetics.",Breaking the symmetry of high-entropy alloy surfaces for compressively strain-tuned oxygen reduction reaction,https://doi.org/10.1038/s41467-025-65856-z,2025,Nature Communications
PtPdFeCoNi HEA NRs/C,"Pt, Pd, Fe, Co, Ni",5,Pt:Pd:Fe:Co:Ni = 25.5:33.1:16.5:9.4:15.5,Ketjen Black-300,thickness of ~2.13 nm,fcc,wet-chemical reduction,ORR,RDE half-cell,0.1 M KOH,75.09 m2 g-1 Pt+Pd,0.959 V vs. RHE,0.99 A mg-1 PGM at 0.95 V vs. RHE,1.32 mA cm-2 PGM at 0.95 V vs. RHE,,"62.5% mass activity retention after 50,000 cycles",commercial Pt/C,"Symmetry-breaking on PtPdFeCoNi HEA nanorings releases surface stress to generate compressive strain, which downshifts the Pt d-band center, weakens intermediate adsorption, and accelerates ORR kinetics.",Y�\Doped PtFeNi Medium�\Entropy Nano�\Alloy with Engineered (111) Facets for Enhanced Oxygen Reduction Reaction,https://doi.org/10.1002/adma.202522896,2026,Advanced Materials
FeCoNiCuPt HEA-NPs/G,"Fe, Co, Ni, Cu, Pt",5,1.09:1.23:1.17:1.08:1.00 (Fe:Co:Ni:Cu:Pt),graphene,3.3,fcc,hydrocarbothermal continuous-flow spray pyrolysis,ORR,RDE half-cell,0.1 M HClO4,83.0 m2 gPt-1,0.94 V vs. RHE,1.94 A mgPt-1 at 0.90 V vs. RHE,2.34 mA cmPt-2 at 0.90 V vs. RHE,,94.5% mass activity retention after 30000 cycles,commercial Pt/C,A one-step hydrocarbothermal continuous-flow spray pyrolysis method synthesizes sub-2 nm high-entropy alloy nanoparticles on carbon with high metal loading by utilizing in situ generated H2 for complete reduction at reduced temperatures.,Hydrocarbothermal flow synthesis of carbon-supported small and dense high-entropy alloy nanoparticles as electrocatalysts,https://doi.org/10.1038/s41467-025-63527-7,2025,Nature Communications
FeCoNiCuPt HEA-NPs/G,"Fe, Co, Ni, Cu, Pt",5,Pt:Fe:Co:Ni:Cu = 1.00:1.09:1.23:1.17:1.08,graphene,1.62 nm (3.3 nm for optimized ORR catalyst),fcc,one-step continuous-flow spray pyrolysis,"ORR, HER","RDE half-cell, PEMWE single cell","0.1 M HClO4 (for ORR), 0.5 M H2SO4 (for HER)",83.0 m2 g_Pt-1,0.94 V vs. RHE,"1.94 A mg_Pt-1 at 0.90 V vs. RHE (ORR), 32.71 A mg_Pt-1 at -0.05 V vs. RHE (HER)",2.34 mA cm_Pt-2 at 0.90 V vs. RHE (ORR),,94.5% mass activity retention after 30000 cycles (ORR); 1000 h stability at 1.0 A cm-2 with 54 uV h-1 degradation (PEMWE),commercial Pt/C,A continuous-flow spray pyrolysis strategy using an in situ hydrocarbothermal reduction mechanism achieves highly loaded (<2 nm) HEA-NPs on carbon with superior ORR and HER activities.,Methanol and ethanol oxidation on carbon supported nanostructured Cu core Pt�CPd shell electrocatalysts synthesized via redox displacement,https://doi.org/10.1016/j.ijhydene.2014.05.123,2014,International Journal of Hydrogen Energy
heterostructured PdSnFeCoNi HEA/c-PdSn,"Pd, Sn, Fe, Co, Ni",5,equimolar,carbon black,~20,fcc,high-temperature thermal shock and pulsed annealing,EOR,three-electrode,1.0 M KOH + 1.0 M EtOH,,,11.87 A/mg_Pd,,,90.6% after 2000 cycles,commercial Pd/C,"Pulsed annealing prompts the emergence of highly active PdSn clusters within a PdSnFeCoNi HEA matrix, lowering EOR reaction barriers through site-specific reactivity and high-entropy stability.",Finely tailoring the local ensembles in heterostructured high entropy alloy catalysts through pulsed annealing,https://doi.org/10.1038/s41467-025-58495-x,2025,Nature Communications
PdSnFeCoNi HEA/c-PdSn,"Pd, Sn, Fe, Co, Ni",5,equimolar,carbon black,20,fcc,high-temperature thermal shock and pulsed annealing,EOR,three-electrode,1.0 M KOH + 1.0 M EtOH,,,11.87 A mg-1_Pd,,,90.6% retention after 2000 cycles,commercial Pd/C,Precisely tailoring local PdSn active nanoclusters within a PdSnFeCoNi HEA matrix via pulsed annealing significantly enhances mass activity and stability for the ethanol oxidation reaction.,Tensile-strained PtSnBiPdIn high-entropy-alloy nanoparticles with nanopore structures for efficient ethylene glycol oxidation performance,https://doi.org/10.26599/nr.2025.94907754,2025,Nano Research
PtPdFeCoNi/C,"Pt, Pd, Fe, Co, Ni",5,equimolar,Vulcan XC-72,12 +/- 4,fcc,high-temperature injection,ORR,RDE half-cell,0.1 M HClO4,68.6 m2/g_Pt,0.920 V vs. RHE,1.23 A/mg_Pt at 0.9 V vs. RHE,1.80 mA/cm2 at 0.9 V vs. RHE,740 W/cm2,"6 mV half-wave potential negative shift after 50,000 ADT cycles",commercial Pt/C,"PtPdFeCoNi high-entropy alloy nanoparticles exhibit outstanding ORR activity and super durability owing to the high entropy, lattice distortion, and sluggish diffusion effects.",High-entropy alloy nanoparticles as a promising electrocatalyst to enhance activity and durability for oxygen reduction,https://doi.org/10.1007/s12274-022-4432-1,2022,Nano Research
PtPdFeCoNi HEA/C,"Pt, Pd, Fe, Co, Ni",5,1:1:1:1:1,carbon black (Vulcan XC-72),12 +/- 4,single-phase fcc,high-temperature injection method,ORR,"RDE half-cell, MEA single cell",0.1 M HClO4,68.6 m2/g_Pt,0.920 V vs. RHE,1.23 A/mg_Pt at 0.9 V vs. RHE,1.80 mA/cm2_Pt at 0.9 V vs. RHE,740 W/cm2,"6 mV negative shift in half-wave potential and 23.6% mass activity loss after 50,000 cycles",commercial Pt/C,"PtPdFeCoNi high-entropy alloy nanoparticles deliver outstanding ORR activity and durability due to high-entropy, lattice distortion, and sluggish diffusion effects.",High-entropy L12-Pt(FeCoNiCuZn)3 intermetallics for ultrastable oxygen reduction reaction,https://doi.org/10.1016/j.jechem.2023.07.019,2023,Journal of Energy Chemistry
Pt4FeCoNiCu/B/C,"Pt, Fe, Co, Ni, Cu",5,4:1:1:1:1,boron-modified Ketjen black,4,ordered face-centered tetragonal,borophene-assisted reduction followed by annealing,ORR,RDE half-cell,0.1 M HClO4,37.1 m2 g-1,0.930 V vs. RHE,1.0 A mg_Pt-1 at 0.9 V vs. RHE,2.8 mA cm_Pt-2 at 0.9 V vs. RHE,,,commercial Pt/C,"Hydrogenated borophene acts as a reductant and stabilizer to prepare sub-4 nm ordered Pt-based intermetallic catalysts with strong Pt-B bonds, showing outstanding ORR mass and specific activities.",Hydrogenated borophene enabled synthesis of multielement intermetallic catalysts,https://doi.org/10.1038/s41467-023-43294-z,2023,Nature Communications
ER-PtPdBiSn HPs/C,"Pt, Pd, Bi, Sn",4,35.2:12.2:31.6:21.0 (ICP-OES of pristine precursor),Vulcan XC-72,20.52 +/- 0.06,disordered H-nCP/FCC heterostructure,two-step heating reduction followed by electrochemical reconstruction,EOR,three-electrode and MEA single cell,1.0 M KOH + 1.0 M ethanol,,,28.17 A mg-1_NM,85.7 mA cm-2,67.11 mW cm-2,"80.3% after 20,000 CV cycles",commercial Pt/C,"Confined core heterostructural transformation from ordered HCP/FCC to disordered H-nCP/FCC structures induces core-to-shell electron redistribution, dramatically lowering thermodynamic barriers for the EOR C1 pathway.",Interphase electron redistribution induced by confined transformation in PtPdBiSn nanoplates for efficient ethanol oxidation electrocatalysis,https://doi.org/10.1038/s41467-026-68352-0,2026,Nature Communications
PtAgBiCo/C nanoplates,"Pt, Ag, Bi, Co",4,Pt:Ag:Bi:Co = 67.33:4:18.67:10 (after acid treatment),carbon black,13-43 nm,,polyol reduction,ORR,RDE half-cell,0.1 M HClO4,41 m2 g-1,,0.81 A mg-1 at 0.90 V vs. RHE,1.95 mA cm-2 at 0.90 V vs. RHE,,95.8% mass activity retention after 10000 cycles,commercial Pt/C (20 wt%),Incorporation of Co into PtAgBi alters the reduction kinetics and crystallinity of the alloy to yield uniform triangular nanoplates with 5-fold mass activity enhancement and excellent methanol tolerance for the ORR.,Shape controlled synthesis of porous tetrametallic PtAgBiCo nanoplates as highly active and methanol-tolerant electrocatalyst for oxygen reduction reaction,https://doi.org/10.1039/c7sc00318h,2017,Chemical Science
PtAgBiCo/C,"Pt, Ag, Bi, Co",4,67.33:4:18.67:10 (after acid treatment),carbon black,,,two-step seed-mediated reduction with oxidative etching,ORR,RDE half-cell,0.1 M HClO4,41 m2/g,,0.81 A/mg_Pt at 0.90 V,1.95 mA/cm2 at 0.90 V,,95.8% mass activity retention after 10000 cycles,commercial Pt/C,Porous tetrametallic PtAgBiCo nanoplates show 5-fold mass activity enhancement over Pt/C and exceptional methanol tolerance due to Co-induced single-twin kinetics control and Bi-mediated suppression of methanol oxidation.,Into the net zero emissions and climate change control: From solid carbon waste to effective solar convertors,https://doi.org/10.1016/j.carbon.2022.01.066,2022,Carbon
PtCoNiRu/C,"Pt, Co, Ni, Ru",4,Pt:Co:Ni:Ru = 3:1:1:1,modified Vulcan XC-72,3.7 +/- 0.9,fcc,spray drying combined with reduction sintering,MOR,three-electrode,0.5 M H2SO4 + 0.5 M CH3OH,108 m2 gPt-1,,,,,74% ECSA retention after 5000 cycles,commercial Pt/C,Carbon-supported PtCoNiRu quaternary alloy nanoparticles synthesized via spray drying and reduction sintering at an optimal temperature of 460 ��C exhibit excellent activity and durability for the methanol oxidation reaction.,Synthesis of PtCoNiRu/C nanoparticles by spray drying combined with reduction sintering for methanol electro-oxidation,https://doi.org/10.1039/c9ra09764c,2020,RSC Advances
PtCoNiRu/C,"Pt, Co, Ni, Ru",4,Pt:Co:Ni:Ru = 3:1:1:1,Vulcan XC-72,3.7,fcc,spray drying combined with reduction sintering,MOR,three-electrode,0.5 M H2SO4 + 0.5 M CH3OH,108 m2 gPt-1,,,,,74% ECSA retention (26% loss) after 5000 cycles,commercial Pt/C,Carbon-supported PtCoNiRu quaternary alloy prepared by spray drying and reduction sintering at 460 ��C shows superior MOR activity and stability over commercial Pt/C due to optimal particle size and alloying synergy.,Supercritical fluid reactive deposition: A process intensification technique for synthesis of nanostructured materials,https://doi.org/10.1016/j.cep.2022.108934,2022,Chemical Engineering and Processing - Process Intensification
FeCoNiCrMnS2/CC,"Fe, Co, Ni, Cr, Mn",5,Fe:Co:Ni:Cr:Mn = 24:30.7:25.6:16.5:3.2,carbon cloth,400,cubic pyrite,hydrothermal,GOR,three-electrode / fuel-cell single cell,1 M KOH + 0.1 M glycerol,,,,,50.1 mW cm-2 at 80 C,Stable operation for 120 h of continuous discharge at 10 mA cm-2,commercial Pt/C,"The high-entropy sulfide FeCoNiCrMnS2/CC demonstrates high efficiency and selectivity for glycerol oxidation, delivering a peak power density of 50.1 mW cm-2 in a hybrid alkali-acid direct glycerol fuel cell.",High-power hybrid alkali-acid fuel cell for synchronous glycerol valorization implemented by high-entropy sulfide electrocatalyst,https://doi.org/10.1016/j.nanoen.2023.108992,2023,Nano Energy
PtBiPbNiCo hexagonal nanoplates (HEA HPs/C),"Pt, Bi, Pb, Ni, Co",5,Pt/Pb/Bi/Ni/Co �� 41.7/33.4/10.8/6.3/7.8,carbon,"26.2 nm (diameter), 8.4 nm (thickness)",hexagonal intermetallic core / fcc shell,wet-chemical reduction,FAOR,three-electrode and MEA single cell,"0.5 M H2SO4 + 0.5 M HCOOH (half-cell), 9 M HCOOH (MEA)",,,7.1 A mg_Pt^-1 at 0.55 V vs. RHE,27.2 mA cm^-2 at 0.55 V vs. RHE,321.2 mW cm^-2,44.1% power density remaining after 30 h (55.1% decay),"commercial Pt/C, commercial Pd/C, PtPb HPs/C",Hexagonal nanoplates with a PtBiPb medium-entropy core and a PtBiNiCo high-entropy shell display record-breaking FAOR mass and specific activities by promoting direct dehydrogenation while suppressing CO* intermediate poisoning.,Medium/High�\Entropy Amalgamated Core/Shell Nanoplate Achieves Efficient Formic Acid Catalysis for Direct Formic Acid Fuel Cell,https://doi.org/10.1002/ange.202213783,2022,Angewandte Chemie
PtAuPdFeCoNiCu/C,"Pt, Au, Pd, Fe, Co, Ni, Cu",7,,carbon spheres (BP2000) on carbon cloth,2,fcc,carbon-thermal shock,ORR,RDE half-cell and MEA single cell,0.1 M KOH,,0.78 V vs. RHE,0.15 A mg-1 at 0.8 V vs. RHE,0.15 mA cm-2 at 0.8 V vs. RHE,477 mW cm-2,"positive half-wave potential shift of 7.4 mV after 20,000 cyclic voltammetry cycles",commercial Pt/C,Ultrafast carbon-thermal shock synthesis yields 2 nm septenary PtAuPdFeCoNiCu high-entropy alloy nanoparticles on carbon cloth with exceptional ORR durability and a peak DBFC power density of 477 mW cm-2.,Carbon-supported high-entropy alloys as highly stable nanocatalysts for oxygen reduction reaction,https://doi.org/10.1016/j.jallcom.2024.178194,2024,Journal of Alloys and Compounds
Pt67Ni16Co16Rh1 assembled nanodendrites,"Pt, Ni, Co, Rh",4,67:16:16:1,,4 C5,fcc,one-pot colloidal method,MOR,three-electrode,0.5 M H2SO4 + 0.5 M methanol,27.66 m2 g-1,,0.86 A mg-1,3.09 mA cm-2,,,commercial Pt/C,In situ near-surface doping of trace Rh on PtNiCo nanodendrites creates active Rh-Pt sites that alleviate CO poisoning and dramatically boost C1 fuel electrooxidation.,In situ surface-doped PtNiCoRh nanocrystals promote electrooxidation of C1 fuels,https://doi.org/10.1007/s40843-020-1516-1,2020,Science China Materials
PtRuFeCoNi/rGO,"Pt, Ru, Fe, Co, Ni",5,81:4:5:5:5 (measured by ICP-MS),reduced graphene oxide,5.2 +/- 0.8,fcc,two-stage solution-phase method,AOR,RDE half-cell,1.0 M KOH + 0.1 M NH3,87.4,,199.4 A g_Pt^-1,,,48.3% peak current density retention after 8000 cycles and 60% current retention after 3 h CA testing,"PtRuNi trimetallic alloy, commercial Pt/C","rGO-supported PtRuFeCoNi high-entropy alloy, synthesized via a two-stage method, exhibits superior activity and structural durability for the ammonia oxidation reaction compared to PtRuNi and Pt/C.",High-entropy PtRuFeCoNi nanoalloys as efficient and stable catalysts for electrochemical ammonia oxidation,https://doi.org/10.1016/j.jelechem.2025.119302,2025,Journal of Electroanalytical Chemistry
FeCoNiCuPt nanoparticles,"Fe, Co, Ni, Cu, Pt",5,Fe21.5Co19.1Ni21.5Cu14.1Pt23.7,,3 7,fcc,solid-state reaction,MOR,three-electrode,1 M KOH + 1 M CH3OH,,,1042 mA mg_Pt^-1,208 mA cm^-2,,94.1% after 6000 s,commercial Pt/C,FeCoNiCuPt high-entropy alloy nanoparticles with 20% Pt content exhibit optimal methanol oxidation activity and stability due to maximized d-orbital overlap bandwidth and coordinated electronic effects.,Synthesis of FeCoNiCuPt high-entropy alloy nanoparticle electrocatalysts with various Pt contents by a solid-state reaction method,https://doi.org/10.1039/d3ma00834g,2023,Materials Advances
Pt30Ru30Ir10Sn30/C,"Pt, Ru, Ir, Sn",4,Pt20Ru30Ir10Sn40 (EDX),Vulcan XC-72,4.9,fcc (Pt-based phase) and hexagonal (Ru-based phase),impregnation-reduction,EOR,MEA single cell and three-electrode,1 M EtOH + 0.5 M H2SO4,,,,,29 mW mg_Pt^-1,80% retention of maximum specific power density after 14 h of operation,commercial Pt67Ru33/C (HISPEC5000) and Pt83Sn17/C (E-tek),The quaternary Pt30Ru30Ir10Sn30/C electrocatalyst exhibits superior EOR activity and durability in a direct ethanol fuel cell by combining the promoting effects of Ru and Sn with the stabilizing effect of Ir.,Synthesis and characterization of quaternary PtRuIrSn/C electrocatalysts for direct ethanol fuel cells,https://doi.org/10.1016/j.jpowsour.2010.05.038,2010,Journal of Power Sources
Pt/CrCoNi(OA),"Pt, Cr, Co, Ni",4,,glassy carbon electrode,,amorphous,pulsed laser deposition,MOR,three-electrode,1 M KOH + 1 M CH3OH,,,3785 A g_Pt^-1,,,"94.4% retention after 10,000 CV cycles",pure Pt,A strong positive correlation was established between the OER activity of a medium-entropy CrCoNi film and the MOR durability of the coordinated Pt ultrathin film.,Constructing a CrCoNi medium entropy alloy coordinated Pt ultrathin film as durable electrocatalysts for methanol oxidation reaction,https://doi.org/10.1016/j.jcis.2023.07.130,2023,Journal of Colloid and Interface Science
PtPdCuAg MEAs/CNFs,"Pt, Pd, Cu, Ag",4,Pt:Pd:Cu:Ag = 13:26:30:31,carbon nanofibers,10.5,fcc,electrospinning,MOR,three-electrode,1.0 M KOH + 1.0 M CH3OH,,,1598.5 mA mg-1,2.85 mA cm-2,,81.9% retention after 6000 s,commercial Pd/C,"Electrochemical activation drives Ag self-migration to the surface of PtPdCuAg medium-entropy alloy nanoparticles, creating an Ag-enriched outer layer that works synergistically with a lowered d-band center to improve CO-resistance and MOR activity.",Locally Topological Disorder of Ag Sites in Medium�\Entropy Alloys for Methanol Electrocatalytic Oxidation,https://doi.org/10.1002/smll.202503445,2025,Small
np-AlPdNiCuMo,"Al, Pd, Ni, Cu, Mo",5,Al98Pd0.5Ni0.5Cu0.5Mo0.5,carbon black,2 nm (ligament size),fcc,chemical dealloying,EOR,three-electrode,1.0 M KOH + 0.5 M ethanol,88.53 m2 g-1_Pd,,2.67 A mg-1_Pd,,12.71 mW cm-2,stable current density up to 250 min of chronoamperometric testing,np-AlPdNi,"A nanoporous AlPdNiCuMo high-entropy alloy anode shows a high electrochemically active surface area and exceptional mass activity for alkaline ethanol oxidation, powering a high-performance flexible solid-state direct ethanol fuel cell.",Flexible Solid�\State Direct Ethanol Fuel Cell Catalyzed by Nanoporous High�\Entropy Al�\Pd�\Ni�\Cu�\Mo Anode and Spinel (AlMnCo)<sub>3</sub>O<sub>4</sub> Cathode,https://doi.org/10.1002/adfm.202007129,2020,Advanced Functional Materials
PtPdRuCu medium-entropy alloy aerogels,"Pt, Pd, Ru, Cu",4,21:23:26:30,,6.43,fcc,wet-chemical reduction,EOR,three-electrode,1 M KOH + 1 M CH3CH2OH,54.37 m2 g-1,,9.73 A mg-1 Pt,17.9 mA cm-2,,75.73% retention after 1000 CV cycles,commercial Pt/C,The self-supporting PtPdRuCu medium-entropy alloy aerogel exhibits outstanding EOR activity and durability due to the 3D porous network and synergistic effect of Ru and Cu in weakening CO adsorption.,PtPdRuCu medium-entropy alloy aerogels for efficient ethanol electro-oxidation in alkaline media,https://doi.org/10.1016/j.inoche.2026.116938,2026,Inorganic Chemistry Communications
PtCuMoMnNiFe-NPs/CC,"Pt, Cu, Mo, Mn, Ni, Fe",6,"Pt: 32.04%, Cu: 18.26%, Mo: 7.98%, Mn: 0.70%, Ni: 11.70%, Fe: 29.32%",carbon cloth,,polycrystalline,co-reduction method,GOR,three-electrode and MEA single cell,1 M KOH + 0.5 M glycerol,440.0 cm2,,,,29.99 mW cm-2,67.7% current retention after 500 cycles,commercial Pt/C,"A self-supported, low-Pt hexa-element high-entropy alloy anode on carbon cloth (PtCuMoMnNiFe-NPs/CC) demonstrates highly enhanced activity, stability, and power density for direct glycerol fuel cells.","Low-platinum, self-supported hexa-high-entropy-alloy anode for high-performance direct glycerol fuel cells",https://doi.org/10.1016/j.renene.2025.122827,2025,Renewable Energy
NiCoCuFeMn/GDC,"Ni, Co, Cu, Fe, Mn",5,,gadolinium-doped ceria,517,fcc,co-precipitation,fuel-cell/MEA,MEA single cell,ScSZ,,,,,,Stable current density (~100 mA/cm2) and 20% methane conversion over 30 h,Ni/YSZ and Ni/GDC,The NiCoCuFeMn HEA catalyst supported on GDC suppresses carbon deposition and achieves stable direct internal steam reforming of methane in solid oxide fuel cells.,High-entropy alloy anode for direct internal steam reforming of methane in SOFC,https://doi.org/10.1016/j.ijhydene.2022.09.018,2022,International Journal of Hydrogen Energy
PtRuRhPdIr HEAAs/C,"Pt, Ru, Rh, Pd, Ir",5,23.78:21.38:14.84:25.25:14.75,Vulcan XC-72R carbon,,fcc,freeze-thaw method,HOR,RDE half-cell and MEA single cell,0.1 M KOH,,,5.75 A mg_PGM^-1 at 50 mV,0.69 mA cm^-2 (ECSA-normalized exchange current density),730 mW cm^-2,5.9% degradation over 6 h at 500 mA cm^-2 in AEMFC,"commercial Pt/C, commercial PtRu",Highly distorted PtRuRhPdIr high-entropy alloy aerogels provide abundant unsaturated sites and a synergistic multi-element effect that balances H* and *OH adsorption to greatly boost alkaline HOR performance.,Highly Distorted High-Entropy Alloy Aerogels for High-Efficiency Hydrogen Oxidation Reaction,https://doi.org/10.1021/acsnano.5c02198,2025,ACS Nano
Pt0.45Fe0.18Co0.12Ni0.15Mn0.10,"Pt, Fe, Co, Ni, Mn",5,45/18/12/15/10,hollow carbon,5.9,L10 intermetallic,hollow-carbon confinement furnace annealing,ORR,RDE half-cell,,,,,,,"80% mass activity retention after 30,000 cycles",Pt/C,"Hollow-carbon confinement restricts volume during ordinary furnace annealing to prevent phase separation, yielding Pt-based intermetallic HEA nanoparticles with high stability and activity for the oxygen reduction reaction.",Hollow-Carbon Confinement Annealing: A New Synthetic Approach to Make High-Entropy Solid-Solution and Intermetallic Nanoparticles,https://doi.org/10.1021/acs.nanolett.3c02882,2023,Nano Letters
Pt41.8Cu51.6Fe5.0Co1.6 ODNs/C,"Pt, Cu, Fe, Co",4,Pt:Cu:Fe:Co = 41.8:51.6:5.0:1.6,Vulcan XC-72,30,fcc,solvothermal,"MOR, EGOR, fuel-cell/MEA","RDE half-cell, MEA single cell","0.1 M HClO4, 1.0 M KOH",77.2 m2 gPt-1,,"2.44 A mgPt-1 (MOR), 23.54 A mgPt-1 (EGOR)","3.16 mA cm-2 (MOR), 30.49 mA cm-2 (EGOR)","81.4 mW cm-2 (DPEMMFC), 217.5 mW cm-2 (DAEMEGFC)","98.5% mass activity retention after 3600 s in MOR, 97.7% after 3600 s in EGOR",commercial Pt/C,Quaternary PtCuFeCo octopods with high-index facets and Fe/Co dual-doping show outstanding bifunctional performance and CO-poisoning resistance for direct methanol/ethylene glycol fuel cells.,High-index facet-rich quaternary PtCuFeCo octopods as anti-CO poisoning bifunctional electrocatalysts for direct methanol/ethylene glycol fuel cells,https://doi.org/10.1039/d5sc00525f,2025,Chemical Science
